container_number,owner_code,serial,check_digit
UKYU3764780,UKYU,376478,0
MFXU0735509,MFXU,073550,9
CEAU9954796,CEAU,995479,6
AXJU7582259,AXJU,758225,9
SBHU7183322,SBHU,718332,2
MUJU9668070,MUJU,966807,0
VCEU0851620,VCEU,085162,0
VWFU3133487,VWFU,313348,7
XMJU9877836,XMJU,987783,6
EYTU3901518,EYTU,390151,8
VRIU9621513,VRIU,962151,3
MMIU3271359,MMIU,327135,9
LDSU0275557,LDSU,027555,7
HUIU1536329,HUIU,153632,9
QUJU0809587,QUJU,080958,7
MDFU7597473,MDFU,759747,3
AUFU6543929,AUFU,654392,9
BVRU3256790,BVRU,325679,0
VXKU2526896,VXKU,252689,6
SBIU7004101,SBIU,700410,1
CKPU6719142,CKPU,671914,2
YHBU8638397,YHBU,863839,7
QQVU7817084,QQVU,781708,4
ZPZU2271480,ZPZU,227148,0
XWXU9269942,XWXU,926994,2
BWEU5360906,BWEU,536090,6
YOLU7922778,YOLU,792277,8
IFOU5673965,IFOU,567396,5
JZNU6025136,JZNU,602513,6
AVBU1067475,AVBU,106747,5
FTVU6009240,FTVU,600924,0
HPXU3782411,HPXU,378241,1
KZGU1911405,KZGU,191140,5
OPCU0207747,OPCU,020774,7
VBCU4521334,VBCU,452133,4
OZVU1003976,OZVU,100397,6
DVCU0314520,DVCU,031452,0
HFIU4804344,HFIU,480434,4
FNNU5446241,FNNU,544624,1
KWBU9926970,KWBU,992697,0
CSFU1673683,CSFU,167368,3
EWMU7583268,EWMU,758326,8
TLHU0375854,TLHU,037585,4
KPOU5664991,KPOU,566499,1
YGKU5401972,YGKU,540197,2
QUIU5540060,QUIU,554006,0
MDQU9190840,MDQU,919084,0
VNZU4756210,VNZU,475621,0
IWJU7859587,IWJU,785958,7
EYWU0148107,EYWU,014810,7
NHVU9647448,NHVU,964744,8
FZXU7890937,FZXU,789093,7
CJHU3749637,CJHU,374963,7
FYGU3711380,FYGU,371138,0
EQMU1230928,EQMU,123092,8
LSNU5289343,LSNU,528934,3
MIVU0126780,MIVU,012678,0
UDNU2836723,UDNU,283672,3
QFSU7069514,QFSU,706951,4
SCHU4529769,SCHU,452976,9
EPQU3501174,EPQU,350117,4
WPMU3670922,WPMU,367092,2
SPHU4865922,SPHU,486592,2
QRGU1454340,QRGU,145434,0
VUAU1314998,VUAU,131499,8
PBZU9352530,PBZU,935253,0
MNVU3867236,MNVU,386723,6
HYLU4168754,HYLU,416875,4
HUTU7972508,HUTU,797250,8
GSJU4976110,GSJU,497611,0
VMTU6385580,VMTU,638558,0
YPZU5816006,YPZU,581600,6
VXJU3613034,VXJU,361303,4
DAYU2503321,DAYU,250332,1
OOPU8649657,OOPU,864965,7
MOXU5093890,MOXU,509389,0
EDYU6336257,EDYU,633625,7
CMMU5130321,CMMU,513032,1
VINU7735315,VINU,773531,5
ZOXU2195761,ZOXU,219576,1
TQKU4654707,TQKU,465470,7
TKNU8281732,TKNU,828173,2
OAEU4743894,OAEU,474389,4
THFU6016990,THFU,601699,0
DEWU4756640,DEWU,475664,0
CYZU9305150,CYZU,930515,0
MMRU5974085,MMRU,597408,5
DOPU1395441,DOPU,139544,1
TFZU7613390,TFZU,761339,0
BYTU6656406,BYTU,665640,6
TBQU7260302,TBQU,726030,2
FFVU1038090,FFVU,103809,0
OTKU0468710,OTKU,046871,0
JNUU3219443,JNUU,321944,3
LNOU8042900,LNOU,804290,0
OEOU2966619,OEOU,296661,9
DHEU7473796,DHEU,747379,6
HDVU8179077,HDVU,817907,7
ZALU7901571,ZALU,790157,1
TQRU2914471,TQRU,291447,1
BWRU3697463,BWRU,369746,3
XSGU6741764,XSGU,674176,4
OLPU0696214,OLPU,069621,4
XPEU9737750,XPEU,973775,0
XLYU6488677,XLYU,648867,7
UXFU9273608,UXFU,927360,8
XCCU7327692,XCCU,732769,2
LTOU1682450,LTOU,168245,0
XYGU9564393,XYGU,956439,3
MZCU2651234,MZCU,265123,4
UAUU1545300,UAUU,154530,0
CAPU6657884,CAPU,665788,4
JLTU9922630,JLTU,992263,0
AYKU9232980,AYKU,923298,0
NICU6766310,NICU,676631,0
OGGU9125760,OGGU,912576,0
TCSU7047554,TCSU,704755,4
ENOU2212535,ENOU,221253,5
UDJU4137970,UDJU,413797,0
GNUU7178782,GNUU,717878,2
BSRU2541013,BSRU,254101,3
AVXU6283854,AVXU,628385,4
UBSU2722556,UBSU,272255,6
LLIU7182431,LLIU,718243,1
FJHU1148199,FJHU,114819,9
ZWTU3681088,ZWTU,368108,8
FYRU6618871,FYRU,661887,1
UJZU1056063,UJZU,105606,3
ZFKU4199948,ZFKU,419994,8
NLVU6793200,NLVU,679320,0
WQUU5102774,WQUU,510277,4
EHIU8188401,EHIU,818840,1
QNJU8200491,QNJU,820049,1
SZXU3341870,SZXU,334187,0
DKUU2985884,DKUU,298588,4
XZPU8698483,XZPU,869848,3
TJWU6854315,TJWU,685431,5
TYEU1285298,TYEU,128529,8
HGIU6779556,HGIU,677955,6
NFIU3136988,NFIU,313698,8
ECBU0933695,ECBU,093369,5
WLDU4653715,WLDU,465371,5
EXYU5865955,EXYU,586595,5
HZSU0647756,HZSU,064775,6
ZIZU4251196,ZIZU,425119,6
IOIU5712196,IOIU,571219,6
NENU6475650,NENU,647565,0
IHUU7653583,IHUU,765358,3
LNLU9934238,LNLU,993423,8
MUUU3067239,MUUU,306723,9
RQDU4628779,RQDU,462877,9
KKZU6793574,KKZU,679357,4
BVXU3287708,BVXU,328770,8
DNMU9942516,DNMU,994251,6
JBWU8403682,JBWU,840368,2
DNYU9410779,DNYU,941077,9
MVXU9997539,MVXU,999753,9
YGPU4508443,YGPU,450844,3
HOYU3227283,HOYU,322728,3
HWBU2445157,HWBU,244515,7
SZEU2461108,SZEU,246110,8
MHGU3733280,MHGU,373328,0
EWDU7564317,EWDU,756431,7
GGFU0803946,GGFU,080394,6
UGTU3569090,UGTU,356909,0
JIAU1158311,JIAU,115831,1
SCJU6591530,SCJU,659153,0
MJHU9470188,MJHU,947018,8
NBGU2921256,NBGU,292125,6
SYDU7930542,SYDU,793054,2
TZKU9622510,TZKU,962251,0
MDRU1142807,MDRU,114280,7
ENIU0710580,ENIU,071058,0
CFHU2943018,CFHU,294301,8
EFNU5108170,EFNU,510817,0
TMHU8330457,TMHU,833045,7
BIOU0799219,BIOU,079921,9
XGKU8955494,XGKU,895549,4
ZSRU1439850,ZSRU,143985,0
ALZU0981794,ALZU,098179,4
EHKU4322124,EHKU,432212,4
TVVU4075663,TVVU,407566,3
IOMU6750270,IOMU,675027,0
UUFU1214920,UUFU,121492,0
UVNU4007287,UVNU,400728,7
MKKU7980903,MKKU,798090,3
FLJU2315842,FLJU,231584,2
KQTU2731102,KQTU,273110,2
QLRU9407944,QLRU,940794,4
WWRU7402406,WWRU,740240,6
QLTU7918177,QLTU,791817,7
IHRU7931493,IHRU,793149,3
FYHU3429302,FYHU,342930,2
MVGU2388341,MVGU,238834,1
WNJU4783329,WNJU,478332,9
KOXU8844440,KOXU,884444,0
OIYU6359924,OIYU,635992,4
JPSU1666881,JPSU,166688,1
QLQU0808789,QLQU,080878,9
SNZU2684879,SNZU,268487,9
OSTU6069250,OSTU,606925,0
RMMU6315068,RMMU,631506,8
TOWU3795729,TOWU,379572,9
XKQU2367562,XKQU,236756,2
MRSU3730307,MRSU,373030,7
WDNU1161994,WDNU,116199,4
EDGU5924973,EDGU,592497,3
UUYU3604800,UUYU,360480,0
QPVU7643041,QPVU,764304,1
NCTU1226247,NCTU,122624,7
JVZU9548547,JVZU,954854,7
OKXU1532723,OKXU,153272,3
KITU0437155,KITU,043715,5
PMFU2861732,PMFU,286173,2
KELU2649033,KELU,264903,3
UYRU0871763,UYRU,087176,3
EIAU4449050,EIAU,444905,0
TLVU1381612,TLVU,138161,2
QHTU1478533,QHTU,147853,3
ODFU3664826,ODFU,366482,6
WRUU3570058,WRUU,357005,8
WFPU7832724,WFPU,783272,4
ALIU7647861,ALIU,764786,1
IIDU4431763,IIDU,443176,3
XJVU4799307,XJVU,479930,7
AVWU8070094,AVWU,807009,4
BMUU0058027,BMUU,005802,7
UQDU2681910,UQDU,268191,0
JAZU3947783,JAZU,394778,3
NFJU6314198,NFJU,631419,8
HLSU8723562,HLSU,872356,2
ZARU4906123,ZARU,490612,3
QRGU0983503,QRGU,098350,3
SBCU7670220,SBCU,767022,0
SYTU7583023,SYTU,758302,3
WVJU2303983,WVJU,230398,3
JOUU4372377,JOUU,437237,7
FWXU9526662,FWXU,952666,2
QSXU5526753,QSXU,552675,3
FRIU7066713,FRIU,706671,3
RTTU4680012,RTTU,468001,2
UTGU5605020,UTGU,560502,0
XOWU4784908,XOWU,478490,8
TTSU6689151,TTSU,668915,1
EAEU6862716,EAEU,686271,6
UHXU9262028,UHXU,926202,8
IRHU7635819,IRHU,763581,9
FRDU7100574,FRDU,710057,4
NVIU0878179,NVIU,087817,9
GNMU2966777,GNMU,296677,7
QVQU9922200,QVQU,992220,0
TZNU8510151,TZNU,851015,1
GVBU8216509,GVBU,821650,9
DABU5368224,DABU,536822,4
DKIU8247427,DKIU,824742,7
SSVU2792250,SSVU,279225,0
QQEU4490553,QQEU,449055,3
VJWU0827085,VJWU,082708,5
GMRU2253514,GMRU,225351,4
XEMU0567226,XEMU,056722,6
LLVU8822081,LLVU,882208,1
KMMU2562376,KMMU,256237,6
NVVU6744187,NVVU,674418,7
YKLU7151497,YKLU,715149,7
WTHU4807039,WTHU,480703,9
XXKU6314027,XXKU,631402,7
SSFU5041601,SSFU,504160,1
LFMU9816206,LFMU,981620,6
URGU1617307,URGU,161730,7
IAMU8888953,IAMU,888895,3
GGVU9187493,GGVU,918749,3
FGUU8524328,FGUU,852432,8
BBXU7030425,BBXU,703042,5
MPEU2914699,MPEU,291469,9
UDWU9164566,UDWU,916456,6
QVWU8397761,QVWU,839776,1
XREU8932884,XREU,893288,4
MTAU8817566,MTAU,881756,6
EZUU6303351,EZUU,630335,1
PCVU3945237,PCVU,394523,7
OTBU8067429,OTBU,806742,9
ILWU5036330,ILWU,503633,0
HKGU3962141,HKGU,396214,1
CTDU4722512,CTDU,472251,2
HSBU9956890,HSBU,995689,0
ZVPU2959413,ZVPU,295941,3
JGNU1424726,JGNU,142472,6
NGVU6490292,NGVU,649029,2
SKAU5465406,SKAU,546540,6
VILU5945830,VILU,594583,0
NYNU5441126,NYNU,544112,6
RXLU8377576,RXLU,837757,6
IBPU5697921,IBPU,569792,1
YEZU9238352,YEZU,923835,2
SPDU3213340,SPDU,321334,0
JMNU3935137,JMNU,393513,7
SUHU5579136,SUHU,557913,6
EOQU1195010,EOQU,119501,0
NLDU1524649,NLDU,152464,9
XQCU2007060,XQCU,200706,0
JMGU6890280,JMGU,689028,0
KKDU6215624,KKDU,621562,4
RGXU3066110,RGXU,306611,0
WFYU1131600,WFYU,113160,0
KKQU1616604,KKQU,161660,4
XQPU0788730,XQPU,078873,0
EDHU1599098,EDHU,159909,8
RSYU0668003,RSYU,066800,3
EYSU3008590,EYSU,300859,0
RCEU3072830,RCEU,307283,0
REQU1435259,REQU,143525,9
ZLHU2011884,ZLHU,201188,4
TXAU2153608,TXAU,215360,8
UQLU7115538,UQLU,711553,8
BIMU7229550,BIMU,722955,0
REAU6209135,REAU,620913,5
SNYU5583019,SNYU,558301,9
ZMMU3109713,ZMMU,310971,3
HRFU9888192,HRFU,988819,2
EVJU1852764,EVJU,185276,4
EPXU1727670,EPXU,172767,0
MRIU4928107,MRIU,492810,7
HVMU2922570,HVMU,292257,0
UILU4825870,UILU,482587,0
EPHU2457208,EPHU,245720,8
FQFU5684242,FQFU,568424,2
NKPU4189888,NKPU,418988,8
JEUU3224539,JEUU,322453,9
QSPU7119883,QSPU,711988,3
PTRU1009090,PTRU,100909,0
WMGU1958400,WMGU,195840,0
MBSU1716931,MBSU,171693,1
QWPU5171135,QWPU,517113,5
ENKU4531153,ENKU,453115,3
QUCU0226630,QUCU,022663,0
MUIU4268272,MUIU,426827,2
JCXU8516318,JCXU,851631,8
EJAU6016718,EJAU,601671,8
LIBU2188291,LIBU,218829,1
NGVU4754668,NGVU,475466,8
MIBU4899026,MIBU,489902,6
UGBU5351410,UGBU,535141,0
QSMU7672223,QSMU,767222,3
APYU3594370,APYU,359437,0
MTTU5801264,MTTU,580126,4
ZDOU1419241,ZDOU,141924,1
JJPU8302384,JJPU,830238,4
QJBU7291647,QJBU,729164,7
LCLU5757111,LCLU,575711,1
FDEU3405334,FDEU,340533,4
XTOU1567438,XTOU,156743,8
DDNU1029778,DDNU,102977,8
PBVU8399646,PBVU,839964,6
GBOU6448511,GBOU,644851,1
TBTU1149484,TBTU,114948,4
JLHU2475596,JLHU,247559,6
TPWU6183312,TPWU,618331,2
KEKU7985141,KEKU,798514,1
ITJU4145526,ITJU,414552,6
BKOU3304580,BKOU,330458,0
DBFU2148142,DBFU,214814,2
RIFU5830065,RIFU,583006,5
RXFU5608167,RXFU,560816,7
WJPU0838353,WJPU,083835,3
SBUU9699392,SBUU,969939,2
KLSU2230324,KLSU,223032,4
ZPJU7221213,ZPJU,722121,3
CYEU7505428,CYEU,750542,8
YLYU1669246,YLYU,166924,6
GOKU4705691,GOKU,470569,1
LWTU8220130,LWTU,822013,0
PQJU2926537,PQJU,292653,7
DUPU7183918,DUPU,718391,8
FFAU2274868,FFAU,227486,8
TBYU3910260,TBYU,391026,0
RKNU1473623,RKNU,147362,3
GXYU7410176,GXYU,741017,6
LLVU7087716,LLVU,708771,6
DWQU8405937,DWQU,840593,7
TFBU1347940,TFBU,134794,0
YACU8217150,YACU,821715,0
OABU3388238,OABU,338823,8
EMNU3471690,EMNU,347169,0
WMPU1084173,WMPU,108417,3
WKOU5425160,WKOU,542516,0
KGGU7370568,KGGU,737056,8
ZOWU6133194,ZOWU,613319,4
TLSU4590289,TLSU,459028,9
AVRU7480528,AVRU,748052,8
KYPU9417163,KYPU,941716,3
VPUU8607031,VPUU,860703,1
DGDU0049055,DGDU,004905,5
MDJU5724819,MDJU,572481,9
VGBU4858378,VGBU,485837,8
WZTU4410186,WZTU,441018,6
NQYU7502383,NQYU,750238,3
BICU9624678,BICU,962467,8
MNPU8891899,MNPU,889189,9
NGGU6392329,NGGU,639232,9
VSLU9926062,VSLU,992606,2
TUUU8819084,TUUU,881908,4
JNXU2509669,JNXU,250966,9
VYMU5763410,VYMU,576341,0
KYKU5422030,KYKU,542203,0
IPTU7717675,IPTU,771767,5
SZCU5297520,SZCU,529752,0
EHXU3711065,EHXU,371106,5
PEAU8230037,PEAU,823003,7
LDKU8773698,LDKU,877369,8
YATU9932163,YATU,993216,3
UCZU5389877,UCZU,538987,7
GXAU8020981,GXAU,802098,1
MMLU8833577,MMLU,883357,7
LLIU6305819,LLIU,630581,9
VIHU5803462,VIHU,580346,2
BMTU6443135,BMTU,644313,5
ICEU5877963,ICEU,587796,3
HUXU9867541,HUXU,986754,1
XVLU7134110,XVLU,713411,0
HPZU8610290,HPZU,861029,0
IKWU9991539,IKWU,999153,9
BGGU9429522,BGGU,942952,2
VHFU9772571,VHFU,977257,1
JDDU8593506,JDDU,859350,6
JONU3746029,JONU,374602,9
WESU6580041,WESU,658004,1
PCUU6923276,PCUU,692327,6
FASU5218556,FASU,521855,6
YMAU4155769,YMAU,415576,9
KXIU5976286,KXIU,597628,6
BZKU2286269,BZKU,228626,9
ZFTU3921097,ZFTU,392109,7
WJLU8711885,WJLU,871188,5
SDOU3686321,SDOU,368632,1
BKUU6529710,BKUU,652971,0
ZYLU1727409,ZYLU,172740,9
NUAU7564050,NUAU,756405,0
YVVU9889647,YVVU,988964,7
UGLU4137322,UGLU,413732,2
FXGU5907658,FXGU,590765,8
WFAU4325046,WFAU,432504,6
SYFU7834839,SYFU,783483,9
YWBU7215869,YWBU,721586,9
ECLU5962680,ECLU,596268,0
KAZU4442210,KAZU,444221,0
UCWU5231788,UCWU,523178,8
JJDU1927650,JJDU,192765,0
PUPU7726684,PUPU,772668,4
JVUU9074493,JVUU,907449,3
AJWU3829201,AJWU,382920,1
VGHU9404390,VGHU,940439,0
IIIU4365422,IIIU,436542,2
ZDTU0471449,ZDTU,047144,9
ZJZU5053200,ZJZU,505320,0
LSIU1190242,LSIU,119024,2
DJQU1736263,DJQU,173626,3
CIYU8987337,CIYU,898733,7
VZZU7421532,VZZU,742153,2
OICU9102655,OICU,910265,5
VMKU9799015,VMKU,979901,5
SHCU7313840,SHCU,731384,0
TTDU6484493,TTDU,648449,3
BCQU2647952,BCQU,264795,2
WFTU9674643,WFTU,967464,3
YGIU7114275,YGIU,711427,5
KFZU4045640,KFZU,404564,0
ZRDU5662124,ZRDU,566212,4
NFFU4050532,NFFU,405053,2
VBFU7142422,VBFU,714242,2
BPQU1065844,BPQU,106584,4
UYLU7963896,UYLU,796389,6
VBLU0079540,VBLU,007954,0
HFVU9142857,HFVU,914285,7
DOJU5017758,DOJU,501775,8
SAVU2486995,SAVU,248699,5
XQLU0418979,XQLU,041897,9
RVVU8337543,RVVU,833754,3
NODU5905232,NODU,590523,2
XTJU8319452,XTJU,831945,2
IRRU1485202,IRRU,148520,2
WELU8865449,WELU,886544,9
RCJU3547656,RCJU,354765,6
DMJU4323831,DMJU,432383,1
UNTU9449097,UNTU,944909,7
KPOU0072500,KPOU,007250,0
XQTU0301338,XQTU,030133,8
PMTU2752910,PMTU,275291,0
UHUU3056128,UHUU,305612,8
NZYU2533097,NZYU,253309,7
BIZU0904196,BIZU,090419,6
IPKU8722263,IPKU,872226,3
ZWJU5313552,ZWJU,531355,2
UTMU8166729,UTMU,816672,9
TZNU4783029,TZNU,478302,9
BQQU2779597,BQQU,277959,7
DLVU3908440,DLVU,390844,0
AASU0913293,AASU,091329,3
ITJU0569228,ITJU,056922,8
YZBU4746419,YZBU,474641,9
GTNU6022743,GTNU,602274,3
YIYU3576490,YIYU,357649,0
ILBU2976580,ILBU,297658,0
UEOU1362780,UEOU,136278,0
AVVU8181978,AVVU,818197,8
HMOU6497313,HMOU,649731,3
VFPU5025954,VFPU,502595,4
FGTU4351806,FGTU,435180,6
SQZU3347076,SQZU,334707,6
JRFU7331002,JRFU,733100,2
CWBU2770002,CWBU,277000,2
UGLU9777298,UGLU,977729,8
KGUU2733161,KGUU,273316,1
FXYU1898376,FXYU,189837,6
BYXU9757980,BYXU,975798,0
WRXU2938807,WRXU,293880,7
CPXU1173047,CPXU,117304,7
HBRU6321920,HBRU,632192,0
JAKU4022533,JAKU,402253,3
FQKU2368547,FQKU,236854,7
FTFU7974040,FTFU,797404,0
QJDU9164886,QJDU,916488,6
XFPU7165371,XFPU,716537,1
YVRU0405065,YVRU,040506,5
PGEU6197179,PGEU,619717,9
QMFU3139073,QMFU,313907,3
OZQU4164756,OZQU,416475,6
OFLU9431559,OFLU,943155,9
ZLTU0897235,ZLTU,089723,5
EAGU4496636,EAGU,449663,6
THTU4829721,THTU,482972,1
IOKU7672320,IOKU,767232,0
EKUU9414234,EKUU,941423,4
WZEU2389610,WZEU,238961,0
JOFU0619917,JOFU,061991,7
IUIU9983197,IUIU,998319,7
MYGU8475201,MYGU,847520,1
BPKU3409075,BPKU,340907,5
FHLU0844089,FHLU,084408,9
XQEU8965989,XQEU,896598,9
QTRU7679450,QTRU,767945,0
XNIU0830693,XNIU,083069,3
TLFU4671409,TLFU,467140,9
UJDU9539348,UJDU,953934,8
UHJU4816582,UHJU,481658,2
GKGU1856520,GKGU,185652,0
VEVU8312421,VEVU,831242,1
UVHU4504668,UVHU,450466,8
TOWU4877903,TOWU,487790,3
AJJU7360099,AJJU,736009,9
VPEU7108210,VPEU,710821,0
SZVU1714751,SZVU,171475,1
SNZU8330492,SNZU,833049,2
JDUU4951401,JDUU,495140,1
LEOU6751350,LEOU,675135,0
BMMU4342454,BMMU,434245,4
YDQU8797954,YDQU,879795,4
GWHU7049421,GWHU,704942,1
ZAEU6831260,ZAEU,683126,0
XDJU3429179,XDJU,342917,9
YOSU3384113,YOSU,338411,3
EMDU0993027,EMDU,099302,7
MWFU3683118,MWFU,368311,8
XAAU0228027,XAAU,022802,7
IIJU1218205,IIJU,121820,5
IUIU0899090,IUIU,089909,0
IQEU2687632,IQEU,268763,2
CRLU6142024,CRLU,614202,4
XCLU7321582,XCLU,732158,2
POYU2323980,POYU,232398,0
JNLU3159850,JNLU,315985,0
UFLU0987007,UFLU,098700,7
VILU8623185,VILU,862318,5
KWTU0270792,KWTU,027079,2
IJHU4569682,IJHU,456968,2
JRGU2477600,JRGU,247760,0
YJTU2108113,YJTU,210811,3
XUWU7208379,XUWU,720837,9
QPYU7613496,QPYU,761349,6
NXHU5783815,NXHU,578381,5
PBNU3505402,PBNU,350540,2
MLZU6190140,MLZU,619014,0
QUXU0655480,QUXU,065548,0
OSIU5590928,OSIU,559092,8
PXLU7769858,PXLU,776985,8
GLPU4073765,GLPU,407376,5
MOCU5377594,MOCU,537759,4
JILU7036745,JILU,703674,5
VNPU6062286,VNPU,606228,6
YXKU1021264,YXKU,102126,4
RLAU7171851,RLAU,717185,1
VOFU6061168,VOFU,606116,8
ERNU8992026,ERNU,899202,6
JELU4232259,JELU,423225,9
ERVU9551780,ERVU,955178,0
WQKU9681519,WQKU,968151,9
UXSU6795410,UXSU,679541,0
PLAU7079316,PLAU,707931,6
DHGU7776022,DHGU,777602,2
UTIU4195335,UTIU,419533,5
HUYU7051064,HUYU,705106,4
QDLU4751938,QDLU,475193,8
JKMU2908101,JKMU,290810,1
MGBU9123617,MGBU,912361,7
OZQU6072279,OZQU,607227,9
ABKU9447598,ABKU,944759,8
EYKU9563005,EYKU,956300,5
FKUU8733650,FKUU,873365,0
VQHU1357245,VQHU,135724,5
ZROU7982265,ZROU,798226,5
WTKU8162284,WTKU,816228,4
IQPU6098716,IQPU,609871,6
CPQU9286544,CPQU,928654,4
NXAU6464460,NXAU,646446,0
UFWU2559233,UFWU,255923,3
OJKU9714076,OJKU,971407,6
HTNU4922710,HTNU,492271,0
RKHU8758685,RKHU,875868,5
QDMU5868408,QDMU,586840,8
WXLU1654967,WXLU,165496,7
YOBU7014467,YOBU,701446,7
TZZU6723176,TZZU,672317,6
YVUU8129051,YVUU,812905,1
DZVU8681681,DZVU,868168,1
HTMU7720793,HTMU,772079,3
AOGU1900369,AOGU,190036,9
SBEU7853212,SBEU,785321,2
YHIU2852508,YHIU,285250,8
KAPU4748405,KAPU,474840,5
RGQU3044128,RGQU,304412,8
RGEU7710185,RGEU,771018,5
VNCU8143107,VNCU,814310,7
USXU0600770,USXU,060077,0
GYCU7376754,GYCU,737675,4
UJUU4046658,UJUU,404665,8
RCPU7160660,RCPU,716066,0
WSXU6330925,WSXU,633092,5
DWVU0005010,DWVU,000501,0
KIYU6917913,KIYU,691791,3
IDTU7094397,IDTU,709439,7
JPXU6632696,JPXU,663269,6
EZLU6375106,EZLU,637510,6
EZZU1487690,EZZU,148769,0
POWU3645509,POWU,364550,9
HWIU8704163,HWIU,870416,3
NAWU6130316,NAWU,613031,6
DLUU5849062,DLUU,584906,2
MBSU0922455,MBSU,092245,5
PJAU2890958,PJAU,289095,8
RHSU6830562,RHSU,683056,2
VCYU1330713,VCYU,133071,3
XHFU1552382,XHFU,155238,2
DUGU5742800,DUGU,574280,0
HREU8901439,HREU,890143,9
WZGU4510435,WZGU,451043,5
UDVU9512354,UDVU,951235,4
BNHU2790845,BNHU,279084,5
JSLU2298980,JSLU,229898,0
EFGU9485764,EFGU,948576,4
GQQU9591292,GQQU,959129,2
JYUU4760243,JYUU,476024,3
JNAU5541910,JNAU,554191,0
VOOU4352664,VOOU,435266,4
VKBU1064258,VKBU,106425,8
KCSU4632638,KCSU,463263,8
IZXU7300313,IZXU,730031,3
YHIU7099887,YHIU,709988,7
AVNU0858463,AVNU,085846,3
YUUU3821633,YUUU,382163,3
TNXU9640562,TNXU,964056,2
ZJFU2429423,ZJFU,242942,3
LIQU8842941,LIQU,884294,1
CBHU6589712,CBHU,658971,2
HFYU4834175,HFYU,483417,5
JJMU4220939,JJMU,422093,9
DEDU8279596,DEDU,827959,6
OHLU9254502,OHLU,925450,2
YYMU3645046,YYMU,364504,6
HROU1517967,HROU,151796,7
GOOU7048583,GOOU,704858,3
MKLU1529058,MKLU,152905,8
SPLU0185695,SPLU,018569,5
DXSU3409857,DXSU,340985,7
EABU4832671,EABU,483267,1
PQFU2475974,PQFU,247597,4
EBWU3823482,EBWU,382348,2
LPLU8767778,LPLU,876777,8
VBMU6956887,VBMU,695688,7
ETPU3801405,ETPU,380140,5
JXPU9943000,JXPU,994300,0
AMNU9732077,AMNU,973207,7
TZZU1131512,TZZU,113151,2
ZMZU3546165,ZMZU,354616,5
ZRUU6248048,ZRUU,624804,8
SNTU7203760,SNTU,720376,0
NUEU3635868,NUEU,363586,8
VNZU3754320,VNZU,375432,0
ZTOU2126568,ZTOU,212656,8
YPSU5955110,YPSU,595511,0
XBQU9669948,XBQU,966994,8
USEU5695642,USEU,569564,2
GLQU5481744,GLQU,548174,4
PZQU8663625,PZQU,866362,5
RTBU6180866,RTBU,618086,6
ZAZU0012807,ZAZU,001280,7
EHRU5984090,EHRU,598409,0
TUKU8495386,TUKU,849538,6
JPLU3343898,JPLU,334389,8
YHCU1283468,YHCU,128346,8
GMUU4682587,GMUU,468258,7
NKZU3385295,NKZU,338529,5
DHSU7737698,DHSU,773769,8
PIKU4119552,PIKU,411955,2
CBJU1911741,CBJU,191174,1
UDVU4946229,UDVU,494622,9
RDHU2164127,RDHU,216412,7
QUCU1990719,QUCU,199071,9
XNLU6728092,XNLU,672809,2
KFEU7540583,KFEU,754058,3
JIYU8869433,JIYU,886943,3
LDLU2471091,LDLU,247109,1
YDGU1195488,YDGU,119548,8
JWVU5649259,JWVU,564925,9
DQEU0086509,DQEU,008650,9
MMCU3388894,MMCU,338889,4
MEXU2824748,MEXU,282474,8
DSMU6755660,DSMU,675566,0
TIYU3311773,TIYU,331177,3
HVXU2059951,HVXU,205995,1
HVRU6373266,HVRU,637326,6
HQRU5949464,HQRU,594946,4
KDBU3066790,KDBU,306679,0
OHHU6128360,OHHU,612836,0
MLWU8933475,MLWU,893347,5
XIQU0481844,XIQU,048184,4
DRMU6599015,DRMU,659901,5
NIOU8966314,NIOU,896631,4
ZODU5819331,ZODU,581933,1
ILEU0565955,ILEU,056595,5
VYIU3551671,VYIU,355167,1
YQMU3700785,YQMU,370078,5
EMWU9401850,EMWU,940185,0
DNTU6992967,DNTU,699296,7
PJEU1133372,PJEU,113337,2
LGPU0420372,LGPU,042037,2
RNJU9119699,RNJU,911969,9
TGCU6166852,TGCU,616685,2
UICU5071356,UICU,507135,6
QUBU5570602,QUBU,557060,2
BAFU4509974,BAFU,450997,4
GREU2538618,GREU,253861,8
OHAU1995435,OHAU,199543,5
QCUU7079073,QCUU,707907,3
BYEU0333706,BYEU,033370,6
IATU4842190,IATU,484219,0
DTFU9161747,DTFU,916174,7
BOWU4777300,BOWU,477730,0
YARU2045730,YARU,204573,0
SLJU2148563,SLJU,214856,3
TNTU8186122,TNTU,818612,2
CDHU4494313,CDHU,449431,3
AFEU3498192,AFEU,349819,2
WTUU3451725,WTUU,345172,5
UYLU1124288,UYLU,112428,8
WWJU7143241,WWJU,714324,1
OGTU0045129,OGTU,004512,9
SZDU8975266,SZDU,897526,6
RSXU2330618,RSXU,233061,8
ZKTU3805970,ZKTU,380597,0
GXBU2047350,GXBU,204735,0
QQMU6646988,QQMU,664698,8
HTSU8550883,HTSU,855088,3
OJKU3247945,OJKU,324794,5
LJSU0933350,LJSU,093335,0
VGIU3351825,VGIU,335182,5
CNZU1506218,CNZU,150621,8
GDVU2666360,GDVU,266636,0
LKXU6485318,LKXU,648531,8
OTWU7061498,OTWU,706149,8
IOLU8712189,IOLU,871218,9
ARLU2357063,ARLU,235706,3
MHGU2191857,MHGU,219185,7
RMIU5161139,RMIU,516113,9
AHPU5747352,AHPU,574735,2
ZDXU0543341,ZDXU,054334,1
FNBU5652559,FNBU,565255,9
KJFU8554474,KJFU,855447,4
SZPU2759966,SZPU,275996,6
GAQU1298069,GAQU,129806,9
LLTU1127765,LLTU,112776,5
KRTU1020143,KRTU,102014,3
HRCU3198814,HRCU,319881,4
KZLU2847149,KZLU,284714,9
DYDU6337440,DYDU,633744,0
KWDU1431138,KWDU,143113,8
CNTU9446850,CNTU,944685,0
INYU2780436,INYU,278043,6
XOBU6091215,XOBU,609121,5
FNYU1685827,FNYU,168582,7
NMQU2782574,NMQU,278257,4
AYZU3237293,AYZU,323729,3
ETIU5532733,ETIU,553273,3
AKUU5827889,AKUU,582788,9
QIUU7567839,QIUU,756783,9
OEEU5878065,OEEU,587806,5
NUEU6336670,NUEU,633667,0
XPNU8345961,XPNU,834596,1
DIGU7049529,DIGU,704952,9
BMWU4885868,BMWU,488586,8
MKLU9486435,MKLU,948643,5
XYHU5535831,XYHU,553583,1
KMTU6968292,KMTU,696829,2
IMPU5116192,IMPU,511619,2
VBFU4614443,VBFU,461444,3
GTQU5396570,GTQU,539657,0
KIJU1827219,KIJU,182721,9
YJBU0452711,YJBU,045271,1
RSVU2675470,RSVU,267547,0
MNKU6886891,MNKU,688689,1
CRJU6514727,CRJU,651472,7
VCNU5413448,VCNU,541344,8
TRPU5055348,TRPU,505534,8
MVVU5196236,MVVU,519623,6
VRCU1955908,VRCU,195590,8
VHFU3759016,VHFU,375901,6
BLSU7889466,BLSU,788946,6
TJZU3382427,TJZU,338242,7
TAZU3851790,TAZU,385179,0
HWUU9852305,HWUU,985230,5
QVDU5014651,QVDU,501465,1
TKEU8056714,TKEU,805671,4
EXRU0928964,EXRU,092896,4
WDYU9302942,WDYU,930294,2
MIRU2568186,MIRU,256818,6
QBSU0186189,QBSU,018618,9
TUEU4294360,TUEU,429436,0
AZQU7891712,AZQU,789171,2
UKKU6660672,UKKU,666067,2
OQGU8210194,OQGU,821019,4
YYDU9556926,YYDU,955692,6
YMPU6638310,YMPU,663831,0
GAUU2772639,GAUU,277263,9
SUIU3181229,SUIU,318122,9
GWDU6544200,GWDU,654420,0
GJTU8986930,GJTU,898693,0
ECNU1739357,ECNU,173935,7
ETUU8228341,ETUU,822834,1
SKNU2114552,SKNU,211455,2
NCOU8398738,NCOU,839873,8
ZUTU7992797,ZUTU,799279,7
PEVU8609291,PEVU,860929,1
PTSU7438590,PTSU,743859,0
LZFU2570071,LZFU,257007,1
TYDU0358230,TYDU,035823,0
PAUU1576604,PAUU,157660,4
RCQU1013326,RCQU,101332,6
DBPU9970372,DBPU,997037,2
GGYU2933328,GGYU,293332,8
BGYU2715635,BGYU,271563,5
IAEU9363000,IAEU,936300,0
IANU5926591,IANU,592659,1
VWPU3680864,VWPU,368086,4
MAUU3781992,MAUU,378199,2
XZKU8154718,XZKU,815471,8
CZPU3715289,CZPU,371528,9
JOVU8147999,JOVU,814799,9
SLMU7151570,SLMU,715157,0
LTJU1648808,LTJU,164880,8
WVXU3867672,WVXU,386767,2
RSDU5684718,RSDU,568471,8
ZXVU8524253,ZXVU,852425,3
URLU1015364,URLU,101536,4
HVHU0514080,HVHU,051408,0
CZLU9343570,CZLU,934357,0
OHGU3414026,OHGU,341402,6
TBDU6161705,TBDU,616170,5
WWWU0278949,WWWU,027894,9
BDHU0021688,BDHU,002168,8
SQHU2861067,SQHU,286106,7
NGWU9094365,NGWU,909436,5
LDZU6764641,LDZU,676464,1
BRPU5486820,BRPU,548682,0
HBAU8448072,HBAU,844807,2
DBDU1754894,DBDU,175489,4
FANU8905497,FANU,890549,7
DEDU7522335,DEDU,752233,5
SALU8638462,SALU,863846,2
LGYU9581651,LGYU,958165,1
KHYU4460019,KHYU,446001,9
LUYU3365797,LUYU,336579,7
NJCU6190756,NJCU,619075,6
KTOU7254972,KTOU,725497,2
CSAU3610050,CSAU,361005,0
DJAU7427250,DJAU,742725,0
KRUU5199719,KRUU,519971,9
KETU6180025,KETU,618002,5
AWRU3850689,AWRU,385068,9
LSGU0427707,LSGU,042770,7
JXDU5064068,JXDU,506406,8
JZFU5245344,JZFU,524534,4
SSQU1151800,SSQU,115180,0
MMKU9702050,MMKU,970205,0
HAEU5776508,HAEU,577650,8
DUYU3207366,DUYU,320736,6
ECHU6946243,ECHU,694624,3
KXBU3683730,KXBU,368373,0
CIBU5489371,CIBU,548937,1
BOQU1531977,BOQU,153197,7
PGZU9541403,PGZU,954140,3
TNWU4252067,TNWU,425206,7
YKEU3521212,YKEU,352121,2
JPBU5551735,JPBU,555173,5
SLCU6661687,SLCU,666168,7
RAXU8376899,RAXU,837689,9
NAJU2528349,NAJU,252834,9
AMOU1895507,AMOU,189550,7
QUEU8539535,QUEU,853953,5
HHYU7735349,HHYU,773534,9
UUOU0290115,UUOU,029011,5
WEZU9609723,WEZU,960972,3
AOYU0703394,AOYU,070339,4
NMVU0640119,NMVU,064011,9
RGFU7906063,RGFU,790606,3
YQEU0773954,YQEU,077395,4
HGKU0548515,HGKU,054851,5
IBZU6419210,IBZU,641921,0
AIYU6973286,AIYU,697328,6
WBCU2564493,WBCU,256449,3
PDXU3220609,PDXU,322060,9
PNEU4657747,PNEU,465774,7
AKYU9763374,AKYU,976337,4
VZTU0495076,VZTU,049507,6
TVAU8515594,TVAU,851559,4
ZCHU4629153,ZCHU,462915,3
ZDZU2015079,ZDZU,201507,9
OEBU0967662,OEBU,096766,2
KHVU8089564,KHVU,808956,4
ARUU3801730,ARUU,380173,0
JAXU4272671,JAXU,427267,1
XDEU1336654,XDEU,133665,4
NJLU9761897,NJLU,976189,7
NDQU6698566,NDQU,669856,6
QCZU1814974,QCZU,181497,4
PPCU1952283,PPCU,195228,3
LAUU2667562,LAUU,266756,2
JJDU8246895,JJDU,824689,5
IMTU4475736,IMTU,447573,6
WMTU6145208,WMTU,614520,8
MLHU3306450,MLHU,330645,0
GXDU8504450,GXDU,850445,0
WSXU7300993,WSXU,730099,3
MWGU1844182,MWGU,184418,2
WYEU4443512,WYEU,444351,2
NGUU5601985,NGUU,560198,5
GGNU0867579,GGNU,086757,9
RROU2929573,RROU,292957,3
LEPU9487244,LEPU,948724,4
FTHU2930480,FTHU,293048,0
YRPU8122949,YRPU,812294,9
VRNU8717171,VRNU,871717,1
OHSU9333314,OHSU,933331,4
QCSU6187585,QCSU,618758,5
RJAU4164508,RJAU,416450,8
OLOU4924387,OLOU,492438,7
LDPU6531505,LDPU,653150,5
OMIU6771107,OMIU,677110,7
SOSU0559171,SOSU,055917,1
UYHU5677051,UYHU,567705,1
XSHU7784764,XSHU,778476,4
QYNU5376173,QYNU,537617,3
NMNU5379052,NMNU,537905,2
YNIU3467915,YNIU,346791,5
UCSU7245479,UCSU,724547,9
SWCU8221565,SWCU,822156,5
BTZU2504225,BTZU,250422,5
URCU1667535,URCU,166753,5
DCAU9313296,DCAU,931329,6
WUHU5954340,WUHU,595434,0
XVIU6885684,XVIU,688568,4
MCLU8565962,MCLU,856596,2
NTNU4226046,NTNU,422604,6
LPPU6160183,LPPU,616018,3
MDTU3237215,MDTU,323721,5
KUKU2657496,KUKU,265749,6
YHMU5105274,YHMU,510527,4
HTOU2927928,HTOU,292792,8
NGZU6527272,NGZU,652727,2
TUSU0572410,TUSU,057241,0
RKIU6959318,RKIU,695931,8
COJU4590960,COJU,459096,0
VSHU3437718,VSHU,343771,8
BZEU2111058,BZEU,211105,8
RKJU0086133,RKJU,008613,3
PRVU3135174,PRVU,313517,4
JMQU9938556,JMQU,993855,6
ZEZU3588122,ZEZU,358812,2
BTSU3222994,BTSU,322299,4
WILU3965756,WILU,396575,6
DWLU3959809,DWLU,395980,9
QHDU6955220,QHDU,695522,0
MIVU4612028,MIVU,461202,8
KZNU7930464,KZNU,793046,4
DIGU5140970,DIGU,514097,0
CZQU3051199,CZQU,305119,9
VVFU1265625,VVFU,126562,5
VROU7893396,VROU,789339,6
CVCU2022023,CVCU,202202,3
LJRU1413391,LJRU,141339,1
TCDU9698650,TCDU,969865,0
EOQU2154443,EOQU,215444,3
FOPU5646043,FOPU,564604,3
GFSU1487944,GFSU,148794,4
IFRU0009023,IFRU,000902,3
YSAU8862307,YSAU,886230,7
HCCU4150478,HCCU,415047,8
HKNU3805590,HKNU,380559,0
AUJU7406798,AUJU,740679,8
FSVU2915096,FSVU,291509,6
TCKU1051868,TCKU,105186,8
YSEU8872068,YSEU,887206,8
CXBU0909132,CXBU,090913,2
MCIU9291305,MCIU,929130,5
DNJU4748566,DNJU,474856,6
JTEU8254657,JTEU,825465,7
PBQU6108523,PBQU,610852,3
CWEU2351706,CWEU,235170,6
LYLU1642252,LYLU,164225,2
DXYU7255101,DXYU,725510,1
HKXU1208342,HKXU,120834,2
BYKU1322903,BYKU,132290,3
AKMU8477424,AKMU,847742,4
KLAU3470435,KLAU,347043,5
GLZU6026886,GLZU,602688,6
ETLU4552982,ETLU,455298,2
OFMU4265510,OFMU,426551,0
TLLU5400177,TLLU,540017,7
LEJU0919341,LEJU,091934,1
NPTU2399751,NPTU,239975,1
PMNU0285287,PMNU,028528,7
PTNU6155508,PTNU,615550,8
GEEU7553040,GEEU,755304,0
FKFU7510479,FKFU,751047,9
BOSU5039047,BOSU,503904,7
ZPDU2056480,ZPDU,205648,0
HHVU0182560,HHVU,018256,0
GAAU7124177,GAAU,712417,7
OUMU2183601,OUMU,218360,1
IFZU5016809,IFZU,501680,9
OAEU7601609,OAEU,760160,9
WLZU0164971,WLZU,016497,1
CZYU1203058,CZYU,120305,8
BQJU0723028,BQJU,072302,8
TMZU7934049,TMZU,793404,9
WFUU3640188,WFUU,364018,8
KXJU2206958,KXJU,220695,8
BIUU5286334,BIUU,528633,4
RVFU9320977,RVFU,932097,7
EWCU4417520,EWCU,441752,0
FRPU1735410,FRPU,173541,0
LWHU7905483,LWHU,790548,3
CWFU6383881,CWFU,638388,1
WFKU0104181,WFKU,010418,1
OUVU9686498,OUVU,968649,8
HLLU1721264,HLLU,172126,4
TZAU3147033,TZAU,314703,3
ROIU7466830,ROIU,746683,0
OOOU7660030,OOOU,766003,0
PDKU5209311,PDKU,520931,1
OJIU0086222,OJIU,008622,2
BFCU3763135,BFCU,376313,5
WSLU6328216,WSLU,632821,6
DKOU7874557,DKOU,787455,7
CBNU8898172,CBNU,889817,2
EUXU7753594,EUXU,775359,4
HNGU0281882,HNGU,028188,2
LGOU5099277,LGOU,509927,7
MCDU3025608,MCDU,302560,8
IJDU0383843,IJDU,038384,3
XXXU0130691,XXXU,013069,1
CPLU1165810,CPLU,116581,0
PLQU8733598,PLQU,873359,8
WULU3081070,WULU,308107,0
SIKU0833630,SIKU,083363,0
AMVU6124712,AMVU,612471,2
AHBU6641442,AHBU,664144,2
XCJU6247026,XCJU,624702,6
DHZU3051409,DHZU,305140,9
FULU8424703,FULU,842470,3
HKPU3772908,HKPU,377290,8
XYPU5655399,XYPU,565539,9
DNOU8821142,DNOU,882114,2
SQJU6542255,SQJU,654225,5
SUHU6916648,SUHU,691664,8
TEGU2785649,TEGU,278564,9
BHQU6979846,BHQU,697984,6
LPKU3256145,LPKU,325614,5
BOOU8525156,BOOU,852515,6
PAQU4220103,PAQU,422010,3
MGAU6357770,MGAU,635777,0
YQPU8261177,YQPU,826117,7
FSYU7809020,FSYU,780902,0
KMHU2937927,KMHU,293792,7
LVNU9094368,LVNU,909436,8
AHIU6863764,AHIU,686376,4
AZYU9466649,AZYU,946664,9
BZTU0036816,BZTU,003681,6
CQBU3098040,CQBU,309804,0
TCXU4838656,TCXU,483865,6
CJRU9780331,CJRU,978033,1
WONU4285687,WONU,428568,7
XZVU1889138,XZVU,188913,8
FQVU0770390,FQVU,077039,0
BEDU3170390,BEDU,317039,0
OYMU8798156,OYMU,879815,6
NQFU5682227,NQFU,568222,7
NYFU2517591,NYFU,251759,1
WVTU2501274,WVTU,250127,4
MPPU1548027,MPPU,154802,7
LOQU3723979,LOQU,372397,9
PMYU5990832,PMYU,599083,2
HTQU0542992,HTQU,054299,2
VAWU0278710,VAWU,027871,0
QBLU7589350,QBLU,758935,0
GEEU0884935,GEEU,088493,5
DNZU6798094,DNZU,679809,4
FKXU1952291,FKXU,195229,1
TRHU5474763,TRHU,547476,3
IBMU0948094,IBMU,094809,4
TQPU1346132,TQPU,134613,2
QXSU7407541,QXSU,740754,1
LWRU2738552,LWRU,273855,2
TWSU0760882,TWSU,076088,2
ICWU0604681,ICWU,060468,1
OEJU4411454,OEJU,441145,4
GLWU7164256,GLWU,716425,6
MGLU3208722,MGLU,320872,2
SAPU3101460,SAPU,310146,0
QIIU0687603,QIIU,068760,3
XHHU9405030,XHHU,940503,0
GYAU7331039,GYAU,733103,9
JTJU5237130,JTJU,523713,0
MEGU4282143,MEGU,428214,3
HAXU3369855,HAXU,336985,5
MHMU7012728,MHMU,701272,8
OVUU8686859,OVUU,868685,9
HTPU0968876,HTPU,096887,6
IIGU9246033,IIGU,924603,3
IEBU1829954,IEBU,182995,4
FSOU9067850,FSOU,906785,0
BMWU6886903,BMWU,688690,3
LAFU6046550,LAFU,604655,0
RULU0058240,RULU,005824,0
BFPU6945854,BFPU,694585,4
CVPU1173176,CVPU,117317,6
ZMKU6394573,ZMKU,639457,3
SCEU4286924,SCEU,428692,4
TVTU2331657,TVTU,233165,7
AYSU6359526,AYSU,635952,6
JVZU3662188,JVZU,366218,8
BSJU3871819,BSJU,387181,9
WCMU5059408,WCMU,505940,8
FJYU3258337,FJYU,325833,7
WFPU8861877,WFPU,886187,7
WLGU9566701,WLGU,956670,1
NHFU5888673,NHFU,588867,3
VQTU8643192,VQTU,864319,2
YOMU4785994,YOMU,478599,4
CQDU3998959,CQDU,399895,9
WGPU0266186,WGPU,026618,6
KSOU7955570,KSOU,795557,0
GMFU9789040,GMFU,978904,0
VBTU7482406,VBTU,748240,6
SVSU8672682,SVSU,867268,2
BGBU2246028,BGBU,224602,8
PDJU7192662,PDJU,719266,2
IHDU7142340,IHDU,714234,0
FDQU7646255,FDQU,764625,5
WOFU1306783,WOFU,130678,3
PPPU3439199,PPPU,343919,9
DFGU3665979,DFGU,366597,9
YEPU7867309,YEPU,786730,9
SEQU5911890,SEQU,591189,0
PFEU7334382,PFEU,733438,2
COQU1018862,COQU,101886,2
SRSU2243911,SRSU,224391,1
RPAU2118614,RPAU,211861,4
HJPU0730091,HJPU,073009,1
HKHU7484194,HKHU,748419,4
IJOU4359052,IJOU,435905,2
IFFU0375051,IFFU,037505,1
LJBU2528840,LJBU,252884,0
VTQU4128840,VTQU,412884,0
AHJU9537092,AHJU,953709,2
NOTU6402126,NOTU,640212,6
MVLU1988066,MVLU,198806,6
IQRU2810394,IQRU,281039,4
IXGU6831565,IXGU,683156,5
RVTU0681736,RVTU,068173,6
YFIU6537100,YFIU,653710,0
KLDU8223962,KLDU,822396,2
NLWU5682314,NLWU,568231,4
OQBU9951911,OQBU,995191,1
GTDU2679853,GTDU,267985,3
WEAU5341327,WEAU,534132,7
AQYU2417428,AQYU,241742,8
OUKU8192235,OUKU,819223,5
QHJU0556360,QHJU,055636,0
RBGU8503534,RBGU,850353,4
PHPU1161008,PHPU,116100,8
YYSU6878043,YYSU,687804,3
HRBU0776900,HRBU,077690,0
CIMU6058650,CIMU,605865,0
FWWU9267465,FWWU,926746,5
NPXU8779607,NPXU,877960,7
CAXU6758774,CAXU,675877,4
KWAU5727484,KWAU,572748,4
YYKU6913769,YYKU,691376,9
RAMU4180667,RAMU,418066,7
XYBU0482742,XYBU,048274,2
LBYU2042303,LBYU,204230,3
BCDU8695258,BCDU,869525,8
IWSU5074014,IWSU,507401,4
WZFU5677450,WZFU,567745,0
GEKU8121567,GEKU,812156,7
ANXU5335746,ANXU,533574,6
IUDU1748193,IUDU,174819,3
HEMU3746492,HEMU,374649,2
AIKU8290043,AIKU,829004,3
ZXJU2885432,ZXJU,288543,2
DXMU3833307,DXMU,383330,7
KBRU8369484,KBRU,836948,4
BMIU5306480,BMIU,530648,0
IBCU4649907,IBCU,464990,7
PYGU4375228,PYGU,437522,8
ZEQU0671469,ZEQU,067146,9
PIBU4916846,PIBU,491684,6
ZRDU3397079,ZRDU,339707,9
PQXU1953900,PQXU,195390,0
YPFU5218468,YPFU,521846,8
GKQU2949798,GKQU,294979,8
TXTU5173076,TXTU,517307,6
SCOU9776185,SCOU,977618,5
EGBU7908644,EGBU,790864,4
AWZU4321316,AWZU,432131,6
CQEU6195825,CQEU,619582,5
YUHU0708155,YUHU,070815,5
NPDU8615732,NPDU,861573,2
WJGU5783133,WJGU,578313,3
UHNU7650235,UHNU,765023,5
VHOU1330522,VHOU,133052,2
IHEU7686899,IHEU,768689,9
EVTU9122910,EVTU,912291,0
RAIU6035799,RAIU,603579,9
LIBU7195502,LIBU,719550,2
IWIU1622589,IWIU,162258,9
VHUU7086312,VHUU,708631,2
IAEU6726740,IAEU,672674,0
CGKU3692814,CGKU,369281,4
MIRU1122667,MIRU,112266,7
IOXU3766997,IOXU,376699,7
CMSU9795461,CMSU,979546,1
NRUU2021080,NRUU,202108,0
WGHU9435366,WGHU,943536,6
MUNU2100656,MUNU,210065,6
NGUU1145676,NGUU,114567,6
CBGU1064667,CBGU,106466,7
TLBU6417894,TLBU,641789,4
MHOU1695136,MHOU,169513,6
TWWU5945824,TWWU,594582,4
XIUU3009219,XIUU,300921,9
TQVU1837424,TQVU,183742,4
VFMU1836382,VFMU,183638,2
QZQU9033133,QZQU,903313,3
QOCU3775118,QOCU,377511,8
CGHU1627681,CGHU,162768,1
TARU7550831,TARU,755083,1
KGKU0699469,KGKU,069946,9
GPPU1637386,GPPU,163738,6
LBUU0550333,LBUU,055033,3
WEVU4892359,WEVU,489235,9
AMIU1398974,AMIU,139897,4
WMRU1003862,WMRU,100386,2
FCRU8527397,FCRU,852739,7
SQVU2395820,SQVU,239582,0
KNGU7526320,KNGU,752632,0
HUHU6678322,HUHU,667832,2
TMJU2238464,TMJU,223846,4
NHYU8003966,NHYU,800396,6
ZJXU9366248,ZJXU,936624,8
VFCU9310049,VFCU,931004,9
UWKU2921480,UWKU,292148,0
LTMU2713707,LTMU,271370,7
QORU1394194,QORU,139419,4
DYXU2046832,DYXU,204683,2
OFWU3220892,OFWU,322089,2
GJHU3968500,GJHU,396850,0
XYNU7762568,XYNU,776256,8
NZFU8444262,NZFU,844426,2
OHUU5012334,OHUU,501233,4
ULXU7580986,ULXU,758098,6
UGEU7657099,UGEU,765709,9
ZIPU6350710,ZIPU,635071,0
WJMU4345478,WJMU,434547,8
QQVU8531916,QQVU,853191,6
DEBU3580296,DEBU,358029,6
YQLU9141422,YQLU,914142,2
UCVU2046859,UCVU,204685,9
WOOU3150628,WOOU,315062,8
ROQU6369695,ROQU,636969,5
RWCU8673878,RWCU,867387,8
MZDU8348872,MZDU,834887,2
HTEU5636700,HTEU,563670,0
EUAU2286039,EUAU,228603,9
AEQU8931886,AEQU,893188,6
LMTU9551880,LMTU,955188,0
ILCU7095809,ILCU,709580,9
GWZU3021898,GWZU,302189,8
FLWU2066111,FLWU,206611,1
VMVU0303590,VMVU,030359,0
SKKU3851550,SKKU,385155,0
XHUU7623080,XHUU,762308,0
VSBU5342420,VSBU,534242,0
WPYU1922940,WPYU,192294,0
KAWU4109960,KAWU,410996,0
DIVU7413139,DIVU,741313,9
AJTU5290433,AJTU,529043,3
BZNU5755560,BZNU,575556,0
VUUU9586307,VUUU,958630,7
YDWU0476275,YDWU,047627,5
MDGU8099400,MDGU,809940,0
JIOU7281872,JIOU,728187,2
WDQU3384616,WDQU,338461,6
ZNPU2472265,ZNPU,247226,5
USVU6469931,USVU,646993,1
NCAU0156560,NCAU,015656,0
WPAU9409432,WPAU,940943,2
EBPU8650328,EBPU,865032,8
RTQU0507800,RTQU,050780,0
HQFU0610146,HQFU,061014,6
CSHU0973298,CSHU,097329,8
LQSU6145427,LQSU,614542,7
FVJU1013679,FVJU,101367,9
SPHU7766116,SPHU,776611,6
SFFU0956713,SFFU,095671,3
LSRU8908600,LSRU,890860,0
QDKU3892641,QDKU,389264,1
YKQU8225102,YKQU,822510,2
HIIU8128109,HIIU,812810,9
ZWYU3406663,ZWYU,340666,3
QVEU9723010,QVEU,972301,0
YQBU1891550,YQBU,189155,0
JCIU0880390,JCIU,088039,0
XVFU6598066,XVFU,659806,6
YETU1024087,YETU,102408,7
INSU2832494,INSU,283249,4
JDEU4805154,JDEU,480515,4
HCWU1169459,HCWU,116945,9
CAFU9179984,CAFU,917998,4
JWGU4516780,JWGU,451678,0
UQTU7015184,UQTU,701518,4
EZWU1246368,EZWU,124636,8
SXBU0294687,SXBU,029468,7
HZRU1624920,HZRU,162492,0
FASU7046327,FASU,704632,7
SVPU3799061,SVPU,379906,1
XVTU2292827,XVTU,229282,7
JGPU1044220,JGPU,104422,0
RXMU6394958,RXMU,639495,8
XVMU9850490,XVMU,985049,0
DFDU9190695,DFDU,919069,5
DVFU2923023,DVFU,292302,3
EJPU3467582,EJPU,346758,2
WWTU8987798,WWTU,898779,8
AOYU3219681,AOYU,321968,1
XCJU8095724,XCJU,809572,4
UTEU6121110,UTEU,612111,0
TZAU2959310,TZAU,295931,0
KEGU2139260,KEGU,213926,0
WYYU9383442,WYYU,938344,2
LVJU3479390,LVJU,347939,0
ZPJU1280564,ZPJU,128056,4
PUDU7698733,PUDU,769873,3
TTKU6878893,TTKU,687889,3
EGGU9377083,EGGU,937708,3
FVQU8206811,FVQU,820681,1
ZTUU8066200,ZTUU,806620,0
VHHU3234827,VHHU,323482,7
GMZU1850863,GMZU,185086,3
VAIU7682428,VAIU,768242,8
YKTU1000506,YKTU,100050,6
HBFU7453250,HBFU,745325,0
JVWU6651885,JVWU,665188,5
WVYU0277526,WVYU,027752,6
JUOU4030516,JUOU,403051,6
WEWU2533245,WEWU,253324,5
POFU0915622,POFU,091562,2
KRQU0903184,KRQU,090318,4
ZNCU6254949,ZNCU,625494,9
QZOU9638343,QZOU,963834,3
AKFU6809578,AKFU,680957,8
YOXU3686901,YOXU,368690,1
MCTU3115658,MCTU,311565,8
QNAU8495586,QNAU,849558,6
VQPU5360928,VQPU,536092,8
AWLU3395120,AWLU,339512,0
GMPU2511144,GMPU,251114,4
ZUNU9217945,ZUNU,921794,5
LBZU3606253,LBZU,360625,3
HWMU8853674,HWMU,885367,4
ODHU7357384,ODHU,735738,4
QYLU6041290,QYLU,604129,0
BPJU1102168,BPJU,110216,8
IDLU0667800,IDLU,066780,0
LPUU0887548,LPUU,088754,8
GUZU0200195,GUZU,020019,5
SAPU5999466,SAPU,599946,6
KISU9206045,KISU,920604,5
NTUU2520421,NTUU,252042,1
WFFU8802133,WFFU,880213,3
OYIU4761320,OYIU,476132,0
DWLU9523622,DWLU,952362,2
KJHU1151221,KJHU,115122,1
FOXU3614800,FOXU,361480,0
FBKU7203920,FBKU,720392,0
XCQU1537886,XCQU,153788,6
PHQU2322986,PHQU,232298,6
CEDU9804770,CEDU,980477,0
VXCU3151141,VXCU,315114,1
ZAWU9685562,ZAWU,968556,2
GMBU1951294,GMBU,195129,4
YPTU7966503,YPTU,796650,3
SDEU1998927,SDEU,199892,7
PLAU9546322,PLAU,954632,2
FPIU8918024,FPIU,891802,4
NUZU5204082,NUZU,520408,2
WLBU3899902,WLBU,389990,2
DKGU5034441,DKGU,503444,1
JUBU5111503,JUBU,511150,3
URNU8314791,URNU,831479,1
WXTU9206510,WXTU,920651,0
YSPU9025267,YSPU,902526,7
QZNU3630640,QZNU,363064,0
UBZU1579959,UBZU,157995,9
BUTU7449003,BUTU,744900,3
RNWU1793750,RNWU,179375,0
LEHU3421611,LEHU,342161,1
KGQU9026905,KGQU,902690,5
STIU6938994,STIU,693899,4
VEIU1874377,VEIU,187437,7
UVYU6695217,UVYU,669521,7
XMXU5552738,XMXU,555273,8
PAEU9942077,PAEU,994207,7
IHMU6187666,IHMU,618766,6
JSTU9148229,JSTU,914822,9
JXPU2996190,JXPU,299619,0
ENYU3620249,ENYU,362024,9
BFNU8557315,BFNU,855731,5
YRKU4497539,YRKU,449753,9
LXMU4979911,LXMU,497991,1
KPJU3944944,KPJU,394494,4
ZZBU7343866,ZZBU,734386,6
MKFU5630235,MKFU,563023,5
PZRU7261121,PZRU,726112,1
LHYU2047380,LHYU,204738,0
XNHU5643691,XNHU,564369,1
FCXU9000636,FCXU,900063,6
XCXU6939260,XCXU,693926,0
SHTU0493920,SHTU,049392,0
JQWU4511646,JQWU,451164,6
JVIU0497100,JVIU,049710,0
OKZU6482052,OKZU,648205,2
KJQU0718718,KJQU,071871,8
JCTU2071422,JCTU,207142,2
RVPU5342659,RVPU,534265,9
ATHU0380178,ATHU,038017,8
HQFU2812275,HQFU,281227,5
HNPU2422420,HNPU,242242,0
MIWU0994651,MIWU,099465,1
FWAU5660977,FWAU,566097,7
PRNU5565211,PRNU,556521,1
RVWU3232163,RVWU,323216,3
KTPU0027266,KTPU,002726,6
NBJU5637814,NBJU,563781,4
RXYU0809709,RXYU,080970,9
LXJU6905549,LXJU,690554,9
LSAU9097982,LSAU,909798,2
LLTU5703534,LLTU,570353,4
MHQU8984781,MHQU,898478,1
KLAU6996486,KLAU,699648,6
JTKU4434101,JTKU,443410,1
FSNU6998603,FSNU,699860,3
FGRU1227477,FGRU,122747,7
LVDU9439500,LVDU,943950,0
OCMU0177478,OCMU,017747,8
RKGU3774355,RKGU,377435,5
KJAU9514371,KJAU,951437,1
UDBU7381980,UDBU,738198,0
RNIU6025139,RNIU,602513,9
VQXU5506595,VQXU,550659,5
PIVU7513905,PIVU,751390,5
HHPU7647848,HHPU,764784,8
WCLU7810155,WCLU,781015,5
PKGU6317978,PKGU,631797,8
DELU5915830,DELU,591583,0
BTLU9460084,BTLU,946008,4
SDSU1712088,SDSU,171208,8
JJYU7026755,JJYU,702675,5
MZYU3539247,MZYU,353924,7
BPKU7506284,BPKU,750628,4
QBSU3960067,QBSU,396006,7
PCQU0393596,PCQU,039359,6
ZABU6468889,ZABU,646888,9
LWIU4112807,LWIU,411280,7
UTCU4425122,UTCU,442512,2
REGU4247168,REGU,424716,8
DWNU3276944,DWNU,327694,4
BANU4023732,BANU,402373,2
IBNU2904313,IBNU,290431,3
FTSU3519570,FTSU,351957,0
VLUU3373057,VLUU,337305,7
SVUU5894699,SVUU,589469,9
JDYU6513254,JDYU,651325,4
QDVU4933172,QDVU,493317,2
YGNU5445445,YGNU,544544,5
URDU6202025,URDU,620202,5
PGUU4651047,PGUU,465104,7
DJLU5567498,DJLU,556749,8
UHGU6539172,UHGU,653917,2
NRKU2569752,NRKU,256975,2
WYVU4260249,WYVU,426024,9
SKVU1270785,SKVU,127078,5
HQUU7904916,HQUU,790491,6
CLGU1242820,CLGU,124282,0
PXCU4831363,PXCU,483136,3
TCMU6882778,TCMU,688277,8
EYSU9320353,EYSU,932035,3
TYHU8459659,TYHU,845965,9
CUZU2314130,CUZU,231413,0
MBMU6402021,MBMU,640202,1
HJXU1318585,HJXU,131858,5
GAYU5580535,GAYU,558053,5
ZOBU6821629,ZOBU,682162,9
IPMU2372575,IPMU,237257,5
YEUU6860020,YEUU,686002,0
BSIU3182143,BSIU,318214,3
RLAU8540764,RLAU,854076,4
VRPU8542466,VRPU,854246,6
POYU5095116,POYU,509511,6
YOJU5454548,YOJU,545454,8
IQHU7712739,IQHU,771273,9
VDXU9676594,VDXU,967659,4
YMXU5015961,YMXU,501596,1
EQDU4253704,EQDU,425370,4
IAEU4009987,IAEU,400998,7
HXYU1049365,HXYU,104936,5
CYEU1842400,CYEU,184240,0
HPSU3751954,HPSU,375195,4
DORU5625405,DORU,562540,5
KVIU2570788,KVIU,257078,8
TCBU2074361,TCBU,207436,1
YOBU5542090,YOBU,554209,0
MNHU6307469,MNHU,630746,9
WCWU2627660,WCWU,262766,0
CZTU4857847,CZTU,485784,7
NDMU2468730,NDMU,246873,0
MHRU7552690,MHRU,755269,0
LSNU2480021,LSNU,248002,1
ZOLU7881474,ZOLU,788147,4
YEQU0616352,YEQU,061635,2
YJJU4545540,YJJU,454554,0
OMTU4753638,OMTU,475363,8
UXZU8947763,UXZU,894776,3
SOAU5141474,SOAU,514147,4
SACU2492651,SACU,249265,1
DZIU5305198,DZIU,530519,8
DFMU4620980,DFMU,462098,0
EAKU4495589,EAKU,449558,9
JIUU2252410,JIUU,225241,0
ICQU3737759,ICQU,373775,9
QDPU5081223,QDPU,508122,3
PGBU5098925,PGBU,509892,5
PGFU7745630,PGFU,774563,0
JIZU2313878,JIZU,231387,8
MXIU0425365,MXIU,042536,5
TJKU3176213,TJKU,317621,3
XMSU9435614,XMSU,943561,4
KKLU2254939,KKLU,225493,9
IDTU9643080,IDTU,964308,0
DCUU6487083,DCUU,648708,3
SSZU0364474,SSZU,036447,4
QHUU7422561,QHUU,742256,1
LTHU3012361,LTHU,301236,1
NOYU0654014,NOYU,065401,4
HSTU6592942,HSTU,659294,2
CVJU9585472,CVJU,958547,2
TJWU4328348,TJWU,432834,8
XQRU6505481,XQRU,650548,1
UQXU4137649,UQXU,413764,9
JXYU0046717,JXYU,004671,7
FEOU9142392,FEOU,914239,2
JHRU6729540,JHRU,672954,0
NIMU5217531,NIMU,521753,1
UWAU6061833,UWAU,606183,3
EOBU7433695,EOBU,743369,5
INKU3418207,INKU,341820,7
YNKU2914868,YNKU,291486,8
KIXU0020323,KIXU,002032,3
BFLU3634366,BFLU,363436,6
YLDU6643750,YLDU,664375,0
AOWU0647729,AOWU,064772,9
NDXU0298643,NDXU,029864,3
MQWU0837427,MQWU,083742,7
BQMU4115144,BQMU,411514,4
OTNU5309634,OTNU,530963,4
HNEU3494251,HNEU,349425,1
IDSU2465470,IDSU,246547,0
SYKU7101505,SYKU,710150,5
QYQU3087300,QYQU,308730,0
KRTU4951197,KRTU,495119,7
NRBU0914796,NRBU,091479,6
KVHU3205810,KVHU,320581,0
AHEU1263891,AHEU,126389,1
GCUU9889303,GCUU,988930,3
XNTU0888148,XNTU,088814,8
WQRU3890399,WQRU,389039,9
LDVU0994600,LDVU,099460,0
NZBU5942797,NZBU,594279,7
YTDU1800629,YTDU,180062,9
AGTU2596471,AGTU,259647,1
WYBU8939876,WYBU,893987,6
MBSU7977260,MBSU,797726,0
RUSU2856266,RUSU,285626,6
BQOU6256806,BQOU,625680,6
GZZU2642622,GZZU,264262,2
NBRU3469606,NBRU,346960,6
UZYU2970299,UZYU,297029,9
FIXU5803939,FIXU,580393,9
GVVU6523487,GVVU,652348,7
UPNU1140328,UPNU,114032,8
JTQU3665009,JTQU,366500,9
KULU3142764,KULU,314276,4
FSMU0898542,FSMU,089854,2
BSPU0251928,BSPU,025192,8
RZDU1220210,RZDU,122021,0
MDOU1406827,MDOU,140682,7
VIRU6250947,VIRU,625094,7
OVUU0623411,OVUU,062341,1
KTEU2840862,KTEU,284086,2
OJKU8876920,OJKU,887692,0
WVIU3671630,WVIU,367163,0
UNUU0366821,UNUU,036682,1
GWGU4475179,GWGU,447517,9
KIEU6132474,KIEU,613247,4
RWDU3547021,RWDU,354702,1
PGUU6542615,PGUU,654261,5
HZMU9024631,HZMU,902463,1
TLUU4798650,TLUU,479865,0
NAAU6287984,NAAU,628798,4
FLDU3535578,FLDU,353557,8
DNPU8978135,DNPU,897813,5
VUYU1377510,VUYU,137751,0
MGHU9378883,MGHU,937888,3
QCIU8519647,QCIU,851964,7
VZHU1081427,VZHU,108142,7
RYLU3043808,RYLU,304380,8
IHKU1694409,IHKU,169440,9
MFPU6338358,MFPU,633835,8
CICU9051453,CICU,905145,3
YQYU5461434,YQYU,546143,4
AGPU2204787,AGPU,220478,7
CQTU2562176,CQTU,256217,6
XIWU8914972,XIWU,891497,2
UBZU3690452,UBZU,369045,2
QNLU8890211,QNLU,889021,1
UNFU1772323,UNFU,177232,3
TMKU1890785,TMKU,189078,5
GURU4266048,GURU,426604,8
IFJU3650721,IFJU,365072,1
JYXU4330252,JYXU,433025,2
BAXU4084390,BAXU,408439,0
XWBU9743988,XWBU,974398,8
ZKGU7798749,ZKGU,779874,9
MUAU1549437,MUAU,154943,7
VANU0757147,VANU,075714,7
MBLU2752943,MBLU,275294,3
MAFU0202928,MAFU,020292,8
NCUU8395520,NCUU,839552,0
XZZU0593043,XZZU,059304,3
RXLU9218711,RXLU,921871,1
TCNU1408287,TCNU,140828,7
HMNU6752035,HMNU,675203,5
KVYU6660334,KVYU,666033,4
AKZU7722940,AKZU,772294,0
REUU3887930,REUU,388793,0
IJBU2544580,IJBU,254458,0
SJJU9549881,SJJU,954988,1
XRTU8800891,XRTU,880089,1
VJMU1486379,VJMU,148637,9
AMYU9530995,AMYU,953099,5
STRU4048811,STRU,404881,1
YMTU3495647,YMTU,349564,7
EKAU7628026,EKAU,762802,6
DOGU8232223,DOGU,823222,3
YEOU8926824,YEOU,892682,4
COJU1525132,COJU,152513,2
JHYU0804666,JHYU,080466,6
CNFU9181870,CNFU,918187,0
LMJU9546420,LMJU,954642,0
BEDU9922827,BEDU,992282,7
JKJU0209944,JKJU,020994,4
IUWU4076566,IUWU,407656,6
WYFU5999325,WYFU,599932,5
SJYU9228477,SJYU,922847,7
WSMU5122590,WSMU,512259,0
KWNU2213790,KWNU,221379,0
ORGU2612310,ORGU,261231,0
VFEU5314568,VFEU,531456,8
IRRU1919166,IRRU,191916,6
THCU4159413,THCU,415941,3
RKIU5085590,RKIU,508559,0
FVJU1106220,FVJU,110622,0
VXJU5119340,VXJU,511934,0
AZLU7563546,AZLU,756354,6
QKVU9776525,QKVU,977652,5
TZPU9921489,TZPU,992148,9
ONFU5973995,ONFU,597399,5
FAJU4745330,FAJU,474533,0
GVXU4722569,GVXU,472256,9
GIZU4565773,GIZU,456577,3
SYWU6679423,SYWU,667942,3
WUCU3762988,WUCU,376298,8
FIJU2064272,FIJU,206427,2
STTU8482150,STTU,848215,0
UKXU2264106,UKXU,226410,6
HTZU0798635,HTZU,079863,5
MQCU1713903,MQCU,171390,3
TLIU6088475,TLIU,608847,5
EXDU6958088,EXDU,695808,8
PXAU1195230,PXAU,119523,0
HYTU8593010,HYTU,859301,0
WYIU2771409,WYIU,277140,9
LIYU8831554,LIYU,883155,4
YRIU0036260,YRIU,003626,0
XJJU7583120,XJJU,758312,0
KSOU8978800,KSOU,897880,0
GQQU3439220,GQQU,343922,0
TNYU8290530,TNYU,829053,0
QGMU2292490,QGMU,229249,0
LGGU6219857,LGGU,621985,7
COTU1835570,COTU,183557,0
YPMU5135357,YPMU,513535,7
FYUU6089260,FYUU,608926,0
IPBU8653982,IPBU,865398,2
VSBU4173048,VSBU,417304,8
AJCU1256353,AJCU,125635,3
ZWJU8679041,ZWJU,867904,1
ZSPU2284436,ZSPU,228443,6
IQDU2929624,IQDU,292962,4
LNUU6473372,LNUU,647337,2
PIJU8130617,PIJU,813061,7
YZFU5636684,YZFU,563668,4
RVKU9577259,RVKU,957725,9
PFCU8259183,PFCU,825918,3
KCLU9064854,KCLU,906485,4
CVLU8156200,CVLU,815620,0
BLGU7136640,BLGU,713664,0
RMEU3149572,RMEU,314957,2
LIIU5218796,LIIU,521879,6
OKWU2600773,OKWU,260077,3
LOXU3140477,LOXU,314047,7
XHEU3944835,XHEU,394483,5
EKBU9484645,EKBU,948464,5
OHYU7567936,OHYU,756793,6
IJXU9755113,IJXU,975511,3
AVDU9613712,AVDU,961371,2
QFKU3000688,QFKU,300068,8
LKOU2169059,LKOU,216905,9
UAJU5614616,UAJU,561461,6
AQDU3715450,AQDU,371545,0
YNVU7046740,YNVU,704674,0
CXQU4982700,CXQU,498270,0
YVSU6230219,YVSU,623021,9
FZZU1312559,FZZU,131255,9
KSFU5456575,KSFU,545657,5
HTZU6530589,HTZU,653058,9
FEPU6589101,FEPU,658910,1
LNHU4851507,LNHU,485150,7
BTTU5383498,BTTU,538349,8
NUVU6407346,NUVU,640734,6
YMRU5045744,YMRU,504574,4
DNEU1921812,DNEU,192181,2
ZKMU1721489,ZKMU,172148,9
VTUU2081841,VTUU,208184,1
FFFU0168391,FFFU,016839,1
FQPU1871590,FQPU,187159,0
ACZU7211586,ACZU,721158,6
GPQU8022854,GPQU,802285,4
ABHU2665998,ABHU,266599,8
DHHU0610630,DHHU,061063,0
TENU4943629,TENU,494362,9
BSZU7867900,BSZU,786790,0
MKHU9547996,MKHU,954799,6
DKRU8600187,DKRU,860018,7
MUHU6074077,MUHU,607407,7
GJUU1276545,GJUU,127654,5
MHVU5305636,MHVU,530563,6
QBPU9777176,QBPU,977717,6
YQRU5542732,YQRU,554273,2
KIZU9994558,KIZU,999455,8
MKPU1977186,MKPU,197718,6
BKXU2111259,BKXU,211125,9
MJDU6070141,MJDU,607014,1
FMEU1327307,FMEU,132730,7
QIKU1888786,QIKU,188878,6
VQBU0712662,VQBU,071266,2
DOVU9067064,DOVU,906706,4
IXHU2053130,IXHU,205313,0
LCMU3103820,LCMU,310382,0
FVDU9193169,FVDU,919316,9
VSGU0275456,VSGU,027545,6
XBQU4894226,XBQU,489422,6
BQXU5358604,BQXU,535860,4
LPTU0572871,LPTU,057287,1
ECXU3307753,ECXU,330775,3
JZJU3192321,JZJU,319232,1
OHTU1118031,OHTU,111803,1
QORU5115087,QORU,511508,7
LGJU7942373,LGJU,794237,3
GKMU8297250,GKMU,829725,0
GJVU5876817,GJVU,587681,7
SAOU7880765,SAOU,788076,5
SDRU8289312,SDRU,828931,2
YPHU1173378,YPHU,117337,8
QXSU6061222,QXSU,606122,2
UROU7579357,UROU,757935,7
ACCU6855665,ACCU,685566,5
RNAU8811366,RNAU,881136,6
PXZU9146168,PXZU,914616,8
KPGU1245633,KPGU,124563,3
QYWU2784666,QYWU,278466,6
ZILU8084343,ZILU,808434,3
HZGU8558051,HZGU,855805,1
FQPU0648134,FQPU,064813,4
RXXU5014300,RXXU,501430,0
JYEU6311825,JYEU,631182,5
MPRU4558999,MPRU,455899,9
XBUU8477919,XBUU,847791,9
OZLU5699564,OZLU,569956,4
AUDU6102612,AUDU,610261,2
GLYU3907664,GLYU,390766,4
VEYU8887746,VEYU,888774,6
AUGU5224941,AUGU,522494,1
RGEU6335557,RGEU,633555,7
GHJU8949126,GHJU,894912,6
MRHU0888281,MRHU,088828,1
UAIU0281102,UAIU,028110,2
ORAU0088430,ORAU,008843,0
JHQU5056230,JHQU,505623,0
WVXU8419367,WVXU,841936,7
HJGU4287730,HJGU,428773,0
ATEU7207440,ATEU,720744,0
QGSU7384631,QGSU,738463,1
JHFU4487645,JHFU,448764,5
BMKU9231560,BMKU,923156,0
TQPU7360930,TQPU,736093,0
DGWU8860131,DGWU,886013,1
JVBU0284270,JVBU,028427,0
SZLU3219269,SZLU,321926,9
QZIU3168951,QZIU,316895,1
BJPU9399097,BJPU,939909,7
WJMU2514692,WJMU,251469,2
UFPU8424642,UFPU,842464,2
TJNU3365295,TJNU,336529,5
VCPU0701834,VCPU,070183,4
DGNU4202856,DGNU,420285,6
DDUU1373789,DDUU,137378,9
DDNU7079610,DDNU,707961,0
KICU0308419,KICU,030841,9
CNRU7996547,CNRU,799654,7
BDYU9388478,BDYU,938847,8
IPOU4475815,IPOU,447581,5
BQXU0276463,BQXU,027646,3
HZCU2103209,HZCU,210320,9
FZWU9541020,FZWU,954102,0
EPOU5752968,EPOU,575296,8
VOFU8311353,VOFU,831135,3
IWEU6435729,IWEU,643572,9
SHIU0036371,SHIU,003637,1
LOHU5535315,LOHU,553531,5
UVNU3602808,UVNU,360280,8
TKAU4154524,TKAU,415452,4
CWAU5513150,CWAU,551315,0
SDCU1454654,SDCU,145465,4
WIGU0742398,WIGU,074239,8
NPFU5793424,NPFU,579342,4
QUTU1539228,QUTU,153922,8
QSVU2728244,QSVU,272824,4
LFQU8313006,LFQU,831300,6
CKFU7185967,CKFU,718596,7
NMEU3084117,NMEU,308411,7
EOFU9318078,EOFU,931807,8
BLCU5136517,BLCU,513651,7
ZSUU4473524,ZSUU,447352,4
BCQU0133825,BCQU,013382,5
SMRU6726134,SMRU,672613,4
ATXU1773323,ATXU,177332,3
HBAU6907824,HBAU,690782,4
HGZU5932314,HGZU,593231,4
TTQU7902393,TTQU,790239,3
MEIU2906504,MEIU,290650,4
EROU0093183,EROU,009318,3
EBDU1308996,EBDU,130899,6
UELU3762888,UELU,376288,8
ZYAU1911677,ZYAU,191167,7
TMZU9766197,TMZU,976619,7
PSTU5328487,PSTU,532848,7
JFEU0755510,JFEU,075551,0
TNAU7221876,TNAU,722187,6
ZBKU3832545,ZBKU,383254,5
JOYU6322584,JOYU,632258,4
LLGU2258650,LLGU,225865,0
KYQU3400383,KYQU,340038,3
IQMU5601018,IQMU,560101,8
MBBU6724298,MBBU,672429,8
BXBU8383439,BXBU,838343,9
GVJU5635460,GVJU,563546,0
MHTU1660272,MHTU,166027,2
ZBFU0412221,ZBFU,041222,1
AUTU1881743,AUTU,188174,3
SXRU4529945,SXRU,452994,5
STZU0801832,STZU,080183,2
KSHU4443328,KSHU,444332,8
CVTU4026569,CVTU,402656,9
IRGU0615205,IRGU,061520,5
ONMU7773070,ONMU,777307,0
WPUU0963166,WPUU,096316,6
UHCU3403260,UHCU,340326,0
GETU7162151,GETU,716215,1
ZLPU5250191,ZLPU,525019,1
VLBU2200856,VLBU,220085,6
MNQU4134340,MNQU,413434,0
HHXU7744877,HHXU,774487,7
JHAU2163769,JHAU,216376,9
CLOU4273730,CLOU,427373,0
DOIU1728034,DOIU,172803,4
PYHU7488237,PYHU,748823,7
ZWIU1848526,ZWIU,184852,6
MYFU8545856,MYFU,854585,6
QPIU1072721,QPIU,107272,1
ROLU7472647,ROLU,747264,7
OCRU0155055,OCRU,015505,5
HVLU6176901,HVLU,617690,1
LPOU5948686,LPOU,594868,6
GCGU4857206,GCGU,485720,6
OCGU7556225,OCGU,755622,5
TVFU4082501,TVFU,408250,1
FLSU8608968,FLSU,860896,8
QQFU6744326,QQFU,674432,6
WTBU0210341,WTBU,021034,1
BFMU2979310,BFMU,297931,0
EKYU1565628,EKYU,156562,8
SDAU9503564,SDAU,950356,4
ATYU3201491,ATYU,320149,1
PIIU3866746,PIIU,386674,6
GIJU2604221,GIJU,260422,1
NURU7723037,NURU,772303,7
XCTU9203422,XCTU,920342,2
BFHU2115028,BFHU,211502,8
ALOU3661804,ALOU,366180,4
QZQU3461685,QZQU,346168,5
TZMU1433912,TZMU,143391,2
RHQU6843222,RHQU,684322,2
DCGU6816693,DCGU,681669,3
HPMU5201317,HPMU,520131,7
WFPU1703376,WFPU,170337,6
JUJU0499611,JUJU,049961,1
YUCU6401656,YUCU,640165,6
ZWFU7344687,ZWFU,734468,7
UBYU1125886,UBYU,112588,6
VBRU8645630,VBRU,864563,0
PQQU5053615,PQQU,505361,5
YCYU2367999,YCYU,236799,9
MVEU1801134,MVEU,180113,4
JCFU4984909,JCFU,498490,9
VGQU9568451,VGQU,956845,1
SZBU8378303,SZBU,837830,3
HUHU3351700,HUHU,335170,0
DWLU1552619,DWLU,155261,9
JSBU2513594,JSBU,251359,4
FWPU4089886,FWPU,408988,6
KZIU4907767,KZIU,490776,7
MSRU2253790,MSRU,225379,0
TPQU6346034,TPQU,634603,4
XEUU7560583,XEUU,756058,3
MXYU6323767,MXYU,632376,7
QQLU6964183,QQLU,696418,3
GQFU5220073,GQFU,522007,3
WDHU3202398,WDHU,320239,8
ZNBU5896874,ZNBU,589687,4
YUSU4592365,YUSU,459236,5
CCZU1194416,CCZU,119441,6
